,dataset,algorithm,tta-operation,accuracy,error,number of weight
0,speech-commands,CT,,95.90343818580834,4.096561814191659,96231868
1,speech-commands,CT,Aug_elect,95.9912216532553,4.008778346744705,96231868
2,speech-commands,CT,Mlt-train_elect,96.16678858814923,3.833211411850769,96231868
3,speech-commands,CT,Hybrid_elect,96.19604974396488,3.8039502560351224,96231868
