,dataset,algorithm,tta-operation,accuracy,error,number of weight
0,VocalSound,FCE,,91.0609857978279,8.939014202172103,97005989
1,VocalSound,FCE,aug-elect,90.28125870231133,9.718741297688666,97005989
2,VocalSound,FCE,multi-train,92.25842383737121,7.741576162628789,97005989
3,VocalSound,FCE,hybrid-elect,91.56223893065997,8.437761069340027,97005989
