,dataset,algorithm,tta-operation,accuracy,error,number of weight
0,VocalSound,CT,,88.08131439710387,11.918685602896133,99126028
1,VocalSound,CT,Aug_elect,88.6104149262044,11.389585073795601,99126028
2,VocalSound,CT,Mlt-train_elect,89.72431077694235,10.275689223057654,99126028
3,VocalSound,CT,Hybrid_elect,89.640768588137,10.359231411862993,99126028
